meme_name,trend_term,kym_slug,reddit_keywords,collected_at,trends_birth_date,trends_peak_date,trends_death_date,trends_reborn_date,trends_lifespan_weeks,trends_peak_value,trends_rise_speed,trends_decay_speed,trends_was_reborn,trends_lifecycle_label,kym_url,kym_year,kym_origin_platform,kym_added,kym_updated,kym_tags,kym_status,kym_spread_platforms,kym_platform_count,kym_description,kym_example_count,kym_views,kym_likes,reddit_posts_found,reddit_avg_score,reddit_max_score,reddit_total_score,reddit_avg_comments,reddit_max_comments,reddit_total_awards,reddit_earliest_post,reddit_latest_post,reddit_subreddits,reddit_community_count,wayback_total_snapshots,wayback_first_snapshot,wayback_last_snapshot,wayback_peak_year,wayback_years_active,wayback_year_counts,wiki_has_article,wiki_title,wiki_url,wiki_categories,virality_score,adaptability_score,rise_decay_ratio,mainstream_lag_years,cultural_permanence_score,survival_tier,mutation_score
Distracted Boyfriend,distracted boyfriend meme,distracted-boyfriend,distracted boyfriend,2026-03-14 10:40 UTC,2017-08-01,2017-09-01,,,88,100,100.0,1.15,False,moderate,https://knowyourmeme.com/memes/distracted-boyfriend,2017,Facebook,,,"stock photo , image macro , jealousy , unfaithful guy , istock , disloyal man with his girlfriend looking at another girl , prog düşmanlarına verilen müthiş cevaplar , stock photograph , stew , mission impos , antonio guillem , guy looking at girl meme",active,reddit; twitter; facebook; instagram; tumblr; vine; discord; twitch,8,,0,n/a,n/a,25,35930.3,174433,898258,1285.4,5888,0,2018-09-26,2025-10-07,AITAH; AmItheAsshole; BestofRedditorUpdates; HistoryMemes; MovieDetails; PrequelMemes; SuddenlyGay; TrueOffMyChest; TwoXChromosomes; antiwork; coolguides; nosleep; nottheonion; pcmasterrace; pics; reddeadredemption; relationship_advice; shitposting; trippinthroughtime; youseeingthisshit,20,99,20170828,20260212,2019,10,"{""2017"": 5, ""2018"": 9, ""2019"": 12, ""2020"": 12, ""2021"": 12, ""2022"": 12, ""2023"": 11, ""2024"": 12, ""2025"": 12, ""2026"": 2}",True,Distracted boyfriend,https://en.wikipedia.org/wiki/Distracted_boyfriend,Category:2010s photographs; Category:2015 in art; Category:2015 works of art; Category:Articles with short description; Category:Color photographs; Category:Commons category link is on Wikidata; Category:Fiction about infidelity; Category:Internet memes introduced in 2017,78.8,96,86.957,2,67.6,fading,64
Doge,doge meme,doge,doge dogecoin shibe,2026-03-14 10:41 UTC,2013-09-01,2013-12-01,2017-06-01,,45,100,33.33,2.38,False,dead,https://knowyourmeme.com/memes/doge,2010,Tumblr,,,"animal , dog , shiba inu , shibe , such doge , super shibe , japanese , tumblr , comic sans , photoshop meme , doges , dogges , reddit , bitcoin , dogecoin , canine , doge meme , atsuko sato , kabosu , doge memes , dogelore , kabosumama",active,reddit; twitter; facebook; instagram; tumblr; youtube; 4chan; ifunny; discord,9,,0,n/a,n/a,25,16544.4,33409,413610,6812.0,94534,0,2017-03-09,2024-05-24,CryptoCurrency; CuratedTumblr; SatoshiStreetBets; Superstonk; dataisbeautiful; dogecoin; fakehistoryporn; news; rarepuppers,9,152,20130727,20260302,2014,14,"{""2013"": 5, ""2014"": 12, ""2015"": 12, ""2016"": 12, ""2017"": 12, ""2018"": 12, ""2019"": 12, ""2020"": 12, ""2021"": 12, ""2022"": 12, ""2023"": 12, ""2024"": 12, ""2025"": 12, ""2026"": 3}",True,Doge,https://en.wikipedia.org/wiki/Doge,Category:All article disambiguation pages; Category:All disambiguation pages; Category:Disambiguation pages; Category:Short description is different from Wikidata,52.8,100,14.004,1,59.0,extinct,72
This Is Fine Dog,this is fine dog meme,this-is-fine,this is fine fire,2026-03-14 10:42 UTC,2013-01-01,2018-05-01,,,143,100,1.56,1.27,False,long_lived,https://knowyourmeme.com/memes/this-is-fine,2016,Gunshow,,,"reaction image , dog , fire , web comic , gunshow , kc green , this is fine , theonefoster , k.c. green , the nib , matt bors , everything is fine meme , this is fine meme , webcomics , exploitables",active,reddit; twitter; facebook; tumblr; 4chan; imgur; discord,7,,0,n/a,n/a,25,42500.6,73292,1062516,4573.4,33047,0,2015-10-30,2025-05-30,AITAH; LifeProTips; MaliciousCompliance; Music; ProRevenge; StarWars; TrueOffMyChest; YouShouldKnow; antiwork; nosleep; pettyrevenge; politics; tifu; tumblr,14,123,20150518,20260306,2020,12,"{""2015"": 6, ""2016"": 11, ""2017"": 11, ""2018"": 11, ""2019"": 10, ""2020"": 12, ""2021"": 12, ""2022"": 12, ""2023"": 11, ""2024"": 12, ""2025"": 12, ""2026"": 3}",False,,,,59.6,84,1.228,2,28.6,survivor,56
Wojak,wojak meme,wojak,wojak feels guy,2026-03-14 10:43 UTC,2015-06-01,2023-05-01,,,114,100,1.05,5.26,False,long_lived,https://knowyourmeme.com/memes/wojak,2010,Vichan,,,"wojak , feels , i know that feel bro , krautchan , /int/ , reaction:sad , ms paint , voyack , reluctantmisc , twarz.jpg",active,reddit; twitter; facebook; tiktok; youtube; 4chan; discord,7,,0,n/a,n/a,25,125858.2,233119,3146454,7494.5,80807,0,2018-01-09,2025-09-09,AmItheAsshole; MadeMeSmile; MurderedByWords; Showerthoughts; apolloapp; cats; gaming; interestingasfuck; marvelstudios; meirl; memes; politics; relationship_advice; technicallythetruth; tifu; wallstreetbets,16,57,20201205,20260223,2024,7,"{""2020"": 1, ""2021"": 10, ""2022"": 10, ""2023"": 11, ""2024"": 12, ""2025"": 11, ""2026"": 2}",True,Wojak,https://en.wikipedia.org/wiki/Wojak,Category:2010 drawings; Category:2010 in Internet culture; Category:2010s fads and trends; Category:2020s fads and trends; Category:4chan phenomena; Category:Articles containing Polish-language text; Category:Articles with short description; Category:CS1 Spanish-language sources (es),82.3,84,0.2,1,72.8,survivor,56
Pepe The Frog,pepe the frog meme,pepe-the-frog,pepe frog rare pepe,2026-03-14 10:43 UTC,2015-02-01,2016-09-01,2021-04-01,,74,100,5.26,1.82,False,dead,https://knowyourmeme.com/memes/pepe-the-frog,2008,Boy’s Club,,,"pepe the frog , exploitable , variations , frog , pepe , /r9k/ , matt furie , boy’s club , @fart , the expendables , heidi beirich , mundanematt , mvea , jay won , dot esports",active,reddit; twitter; facebook; instagram; tumblr; youtube; 4chan; imgur; discord,9,,0,n/a,n/a,25,53464.1,135375,1336602,1762.3,19475,0,2016-09-27,2026-02-27,HistoryMemes; MemeEconomy; PewdiepieSubmissions; Terraria; aww; blursedimages; comedyheaven; dank_meme; dankmemes; funny; interestingasfuck; madlads; memes; nba; news; nextfuckinglevel; nottheonion; politics; theydidthemath; woodworking,20,121,20150329,20260206,2017,12,"{""2015"": 8, ""2016"": 11, ""2017"": 12, ""2018"": 10, ""2019"": 11, ""2020"": 12, ""2021"": 11, ""2022"": 11, ""2023"": 11, ""2024"": 11, ""2025"": 11, ""2026"": 2}",True,Pepe the Frog,https://en.wikipedia.org/wiki/Pepe_the_Frog,Category:/pol/ phenomena; Category:2005 comics debuts; Category:2005 in Internet culture; Category:2010s fads and trends; Category:2017 comics endings; Category:2019–2020 Hong Kong protests; Category:4chan phenomena; Category:American comics,71.9,100,2.89,1,64.8,extinct,72
Drake Hotline Bling,drake hotline bling meme,drakeposting,drake hotline bling meme,2026-03-14 10:44 UTC,2015-10-01,2015-10-01,2016-02-01,,4,100,100.0,25.0,False,dead,https://knowyourmeme.com/memes/drakeposting,2015,4chan,,,"drake , reaction image , 4chan , techhater , bobbistef , yisucrist , dustyfotter , jm-rie , sheeky forum",active,reddit; twitter; facebook; instagram; tiktok; youtube; 4chan; discord,8,,0,n/a,n/a,25,21136.8,43975,528419,642.8,3072,0,2015-11-04,2025-03-20,BlackPeopleTwitter; FellowKids; Kanye; LateStageCapitalism; MemeEconomy; PewdiepieSubmissions; PrequelMemes; copypasta; dankmemes; funny; gaming; memes; mildlyinteresting; unpopularopinion; videos; wallstreetbets; yescompanionimbecil,17,87,20160404,20260301,2020,11,"{""2016"": 6, ""2017"": 7, ""2018"": 8, ""2019"": 6, ""2020"": 10, ""2021"": 10, ""2022"": 9, ""2023"": 9, ""2024"": 10, ""2025"": 9, ""2026"": 3}",False,,,,52.3,96,4.0,5,0.8,extinct,64
Galaxy Brain,galaxy brain meme,galaxy-brain,galaxy brain expanding,2026-03-14 10:44 UTC,2017-03-01,2022-12-01,,,93,100,1.45,4.17,False,moderate,https://knowyourmeme.com/memes/galaxy-brain,2017,Reddit,,,"brain , expanding , knowledge , whomst , intelligence , exploitable , image series , janskishimanski , bagelboy , galaxy brain , the-captains-on-shore-leave , sonnysideup , galaxybrain , galaxybrainf",active,reddit; facebook; instagram; tumblr; discord,5,,0,n/a,n/a,25,24429.1,36514,610728,1022.4,3933,0,2016-06-04,2025-12-20,CuratedTumblr; IAmA; LifeProTips; Music; NonCredibleDefense; OneOrangeBraincell; ProRevenge; Superstonk; boxoffice; dankmemes; greentext; insanepeoplefacebook; memes; movies; nba; nosleep; okbuddycinephile; spaceporn; tifu; tolkienbooks; tumblr,21,65,20190928,20260203,2023,8,"{""2019"": 4, ""2020"": 10, ""2021"": 9, ""2022"": 8, ""2023"": 11, ""2024"": 11, ""2025"": 10, ""2026"": 2}",False,,,,49.9,60,0.348,1,18.6,fading,40
Stonks,stonks meme,stonks,stonks stocks meme,2026-03-14 10:45 UTC,2019-06-01,2020-03-01,,,66,100,11.11,1.75,False,moderate,https://knowyourmeme.com/memes/stonks,2017,Facebook,,,"stocks , meme man , surreal memes , special meme fresh , hallucinatorymenu , x37 , renji , stock market , stoinks , 1860000000001 , ooer , r/ooer",active,reddit; twitter; facebook; youtube; imgur; discord,6,,0,n/a,n/a,25,37483.0,86782,937076,2144.3,5636,0,2017-08-01,2024-05-14,MemeEconomy; Superstonk; memes; stocks; technology; wallstreetbets; wholesomememes,7,69,20190628,20260212,2022,8,"{""2019"": 6, ""2020"": 10, ""2021"": 10, ""2022"": 11, ""2023"": 10, ""2024"": 9, ""2025"": 11, ""2026"": 2}",True,Stonk,https://en.wikipedia.org/wiki/Stonk,Category:All article disambiguation pages; Category:All disambiguation pages; Category:Disambiguation pages; Category:Short description is different from Wikidata,60.1,72,6.349,2,63.2,fading,48
Coffin Dance,coffin dance meme,coffin-dance,coffin dance ghana,2026-03-14 10:45 UTC,2020-04-01,2020-04-01,2020-11-01,,7,100,100.0,14.29,False,dead,https://knowyourmeme.com/memes/coffin-dance,2020,TikTok,,,"dancing , pallbearers , coffin , remix , video , astronomia , edm , carriers , casket , fail , funeral , techno , music , tony igy , coffin dancers , cofin , grave rave , dancing coffin , coffin dance , travelin sister , bigscout nana prempeth , @lawyer_ggmu , @xacamnhuong , @.",active,reddit; twitter; facebook; instagram; tiktok; youtube; discord,7,,0,n/a,n/a,25,20546.2,81261,513654,424.4,1736,0,2018-07-11,2025-06-19,ATBGE; Animemes; BestofRedditorUpdates; Damnthatsinteresting; FortNiteBR; GoCommitDie; Overwatch; PewdiepieSubmissions; PublicFreakout; Superstonk; TwoXChromosomes; dankmemes; gtaonline; memes; nextfuckinglevel; teenagers; tf2; tifu; videos,19,1,20200418,20200418,2020,1,"{""2020"": 1}",True,Dancing Pallbearers,https://en.wikipedia.org/wiki/Dancing_Pallbearers,Category:21st-century dance; Category:All articles with unsourced statements; Category:Articles with hCards; Category:Articles with short description; Category:Articles with unsourced statements from April 2025; Category:CS1 Georgian-language sources (ka); Category:Culture of Ghana; Category:Dance crazes,56.3,84,6.998,0,51.4,extinct,56
Chad Vs Virgin,chad vs virgin meme,virgin-vs-chad,chad virgin walk,2026-03-14 10:46 UTC,2017-07-01,2020-08-01,,,89,100,2.7,1.92,False,moderate,https://knowyourmeme.com/memes/virgin-vs-chad,2017,4chan,,,"pyrussolus , hardflips , virgin , chad , wizard , r9k , ms paint , comparison , chad vs virgin meme",active,reddit; facebook; 4chan; imgur; discord,5,,0,n/a,n/a,25,37682.6,58761,942064,928.0,8615,0,2018-06-20,2024-10-23,AmItheAsshole; Bossfight; Eldenring; HistoryMemes; ShitPostCrusaders; WhitePeopleTwitter; antimeme; dankmemes; facepalm; gaming; memes; self; shitposting; wallstreetbets,14,74,20171120,20260205,2020,10,"{""2017"": 2, ""2018"": 6, ""2019"": 8, ""2020"": 12, ""2021"": 9, ""2022"": 8, ""2023"": 7, ""2024"": 9, ""2025"": 11, ""2026"": 2}",False,,,,54.7,60,1.406,0,17.8,fading,40
Trollface,trollface meme,trollface,trollface problem,2026-03-14 10:47 UTC,2010-10-01,2012-02-01,2015-02-01,2015-12-01,52,100,6.25,2.78,True,reborn,https://knowyourmeme.com/memes/trollface,2008,DeviantArt,,,"trollface , coolface , image , 4chan , trolling , problem , rage face , rage comics , carlos ramirez , whynne , f7u12 , troll face meme , trollface meme",active,reddit; facebook; tumblr; youtube; 4chan; discord,6,,0,n/a,n/a,25,1079.2,10114,26981,96.4,564,0,2010-03-07,2026-03-12,40kLore; ComedyNecrophilia; DerScheisser; DnDGreentext; DouchebagGenie; HFY; HobbyDrama; MensRights; RedFloodMod; RedditAndChill; battlefield3; entitledparents; fatpeoplestories; fffffffuuuuuuuuuuuu; gmod; nothingeverhappens; okbuddyHRetard; okbuddyretard; smashbros; tallyhall; todayilearned; whenthe,22,88,20150509,20260303,2020,10,"{""2015"": 1, ""2018"": 4, ""2019"": 11, ""2020"": 12, ""2021"": 12, ""2022"": 9, ""2023"": 12, ""2024"": 12, ""2025"": 12, ""2026"": 3}",True,Trollface,https://en.wikipedia.org/wiki/Trollface,Category:2008 drawings; Category:2008 in Internet culture; Category:4chan phenomena; Category:Articles containing Spanish-language text; Category:Articles with hAudio microformats; Category:Articles with short description; Category:CS1 European Spanish-language sources (es-es); Category:CS1 French-language sources (fr),45.5,72,2.248,8,60.4,phoenix,48
Nyan Cat,nyan cat meme,nyan-cat,nyan cat rainbow,2026-03-14 10:47 UTC,2011-04-01,2011-06-01,2014-06-01,,38,100,50.0,2.78,False,dead,https://knowyourmeme.com/memes/nyan-cat,2011,LOL-COMICS,,,"nyan , cat , poptart , space , pixel art , rainbow , gif , cat in space , flash loop animation , best of 2011 , roflcon iii , prguitarman , xdazjmx",active,reddit; twitter; facebook; tumblr; youtube; discord,6,,0,n/a,n/a,25,31369.8,73540,784246,435.6,1419,0,2016-02-18,2026-02-03,Bossfight; CatDistributionSystem; MadeMeSmile; aww; cats; comics; copypasta; dankmemes; dogecoin; interestingasfuck; memes; mildlyinteresting; oddlysatisfying; photoshopbattles; pics; standardissuecat; tumblr,17,70,20180702,20260217,2020,9,"{""2018"": 5, ""2019"": 10, ""2020"": 11, ""2021"": 8, ""2022"": 6, ""2023"": 9, ""2024"": 11, ""2025"": 8, ""2026"": 2}",True,Nyan Cat,https://en.wikipedia.org/wiki/Nyan_Cat,Category:2010s fads and trends; Category:2010s viral videos; Category:2011 YouTube videos; Category:2011 in Internet culture; Category:2011 works; Category:All articles containing potentially dated statements; Category:Articles containing Japanese-language text; Category:Articles containing potentially dated statements from May 2023,57.5,72,17.986,9,57.6,extinct,48
Rickroll,rickroll meme,rickrolling,rickroll never gonna give,2026-03-14 10:48 UTC,2011-02-01,2022-04-01,,,166,100,0.75,3.12,False,long_lived,https://knowyourmeme.com/memes/rickrolling,,,,,,fetch_failed,,,,,,,25,135628.6,221159,3390714,4844.2,30170,0,2016-12-03,2026-01-19,BeAmazed; CemeteryPorn; LifeProTips; MadeMeSmile; Unexpected; antiwork; apolloapp; blog; confidentlyincorrect; funny; marvelstudios; meirl; memes; nextfuckinglevel; tifu; todayilearned; videos,17,0,,,,,,True,Rickrolling,https://en.wikipedia.org/wiki/Rickrolling,Category:2000s in Internet culture; Category:2000s neologisms; Category:2007 YouTube videos; Category:2007 neologisms; Category:2010s in Internet culture; Category:2020s in Internet culture; Category:4chan phenomena; Category:All Wikipedia articles written in British English,80.0,0,0.24,,83.2,survivor,0
Surprised Pikachu,surprised pikachu meme,surprised-pikachu,surprised pikachu face,2026-03-14 10:49 UTC,2018-10-01,2018-11-01,2019-12-01,,14,100,100.0,7.69,False,dead,https://knowyourmeme.com/memes/surprised-pikachu,2018,Tumblr,,,"pokemon , me_irl , reaction image , suprised , suprised pikachu , popokko , psherman01 , shocked pikachu meme , surprised pikachu meme , surprised pikachu memes",active,reddit; twitter; facebook; tumblr; discord,5,,0,n/a,n/a,25,79511.2,221157,1987780,10682.8,88020,0,2015-10-30,2025-06-14,AmIOverreacting; AskDocs; BlackPeopleTwitter; IAmA; KidsAreFuckingStupid; MadeMeSmile; MaliciousCompliance; MurderedByWords; StarWars; TikTokCringe; apolloapp; dankmemes; gifs; interestingasfuck; nosleep; politics; relationship_advice; tifu,18,71,20181209,20260306,2025,9,"{""2018"": 1, ""2019"": 10, ""2020"": 9, ""2021"": 8, ""2022"": 8, ""2023"": 10, ""2024"": 10, ""2025"": 12, ""2026"": 3}",False,,,,82.8,60,13.004,7,2.8,extinct,40
Among Us,among us meme,among-us,among us sus impostor,2026-03-14 10:49 UTC,2020-09-01,2020-09-01,2023-07-01,,34,100,100.0,2.94,False,dead,https://knowyourmeme.com/memes/among-us,2018,Innersloth,,,"innersloth , twitch",active,reddit; twitter; facebook; youtube; discord; twitch,6,,0,n/a,n/a,25,91903.9,214317,2297597,7288.3,80807,0,2018-01-22,2025-12-17,AmongUs; MadeMeSmile; Music; Unexpected; dataisbeautiful; gaming; memes; pics; politics; todayilearned; worldnews,11,0,,,,,,True,Among Us,https://en.wikipedia.org/wiki/Among_Us,Category:2018 video games; Category:2020 in Internet culture; Category:All Wikipedia articles written in American English; Category:All articles containing potentially dated statements; Category:All articles lacking reliable references; Category:All pages needing factual verification; Category:Android (operating system) games; Category:Articles containing potentially dated statements from November 2020,80.0,72,34.014,,56.8,extinct,48
Hide The Pain Harold,hide the pain harold meme,hide-the-pain-harold,harold hide pain,2026-03-14 10:50 UTC,2014-09-01,2019-10-01,,,123,100,1.64,1.61,False,long_lived,https://knowyourmeme.com/memes/hide-the-pain-harold,2011,Facepunch,,,"facepunch , stock photos , harold , discomfort , stock photo , andrás arató , greenen72 , someshitbag , chinnyxd , the_shreckoning , gigatless , fuckitimarobot , smillmf , dreamstime , maurice , meme harold",active,reddit; twitter; facebook; instagram; youtube; 4chan; imgur; discord,8,,0,n/a,n/a,25,47321.8,104562,1183046,1372.2,5669,0,2018-12-08,2025-05-27,AmItheAsshole; BestofRedditorUpdates; LifeProTips; MadeMeSmile; TIHI; TrueOffMyChest; TwoXChromosomes; Wellthatsucks; YouShouldKnow; confessions; dankmemes; gaming; insaneparents; interestingasfuck; memes; nosleep; photoshopbattles; pics; roosterteeth; tifu; todayilearned,21,100,20140929,20260219,2015,13,"{""2014"": 2, ""2015"": 11, ""2016"": 9, ""2017"": 7, ""2018"": 6, ""2019"": 7, ""2020"": 9, ""2021"": 8, ""2022"": 9, ""2023"": 10, ""2024"": 9, ""2025"": 11, ""2026"": 2}",False,,,,64.9,96,1.019,-4,24.6,survivor,64
Mocking Spongebob,mocking spongebob meme,mocking-spongebob,mocking spongebob mimicking,2026-03-14 10:50 UTC,2017-05-01,2017-05-01,2017-10-01,,5,100,100.0,20.0,False,dead,https://knowyourmeme.com/memes/mocking-spongebob,2017,Twitter,,,"spongebob , mocking , twitter , image macro , nicktoons , cartoons , spongebob squarepants , spongemock , @ogbeard , @lexysaeyang , @danilevyyy , chum bucket , savage patrick , patrick star , krusty krab , meme template , squidward meme , tired spongeobb , stephen hillenbu",active,reddit; twitter; facebook; discord,4,,0,n/a,n/a,25,10109.6,60796,252740,385.4,1694,0,2017-02-16,2026-03-12,19684; ABoringDystopia; AmItheAsshole; AteTheOnion; BlueskySkeets; DnD; HFY; MaliciousCompliance; MemeTemplatesOfficial; MurderedByWords; SubredditDrama; clevercomebacks; coolguides; democrats; fednews; nosleep; offmychest; politics; tifu,19,87,20170510,20260205,2025,10,"{""2017"": 8, ""2018"": 10, ""2019"": 8, ""2020"": 11, ""2021"": 9, ""2022"": 9, ""2023"": 10, ""2024"": 8, ""2025"": 12, ""2026"": 2}",True,Alternating caps,https://en.wikipedia.org/wiki/Alternating_caps,Category:All articles with dead external links; Category:All articles with unsourced statements; Category:Articles with dead external links from June 2018; Category:Articles with short description; Category:Articles with unsourced statements from October 2020; Category:Capitalization; Category:Internet culture; Category:Orthography,55.6,48,5.0,8,51.0,extinct,32
Gru Plan,gru plan meme,grus-plan,gru plan step,2026-03-14 10:51 UTC,2018-03-01,2018-03-01,2018-06-01,,3,100,100.0,33.33,False,dead,https://knowyourmeme.com/memes/grus-plan,2018,Reddit,,,"despicable me , minions , 2018 , photoshop , reddit , grus plan , movies , fieldmarshalsixdans , very_niceu , charizard77 , 4k60fpshdr , presentation , pawaaar- , gru meme",active,reddit; facebook; youtube; discord,4,,0,n/a,n/a,25,73555.7,134036,1838892,12454.4,70264,0,2015-10-30,2025-11-30,AmItheAsshole; EarthPorn; IAmA; MaliciousCompliance; Save3rdPartyApps; StarWars; Superstonk; apolloapp; law; legaladvice; nosleep; pokemon; politics; relationship_advice; tifu; worldnews,16,35,20180312,20260208,2020,9,"{""2018"": 6, ""2019"": 2, ""2020"": 8, ""2021"": 2, ""2022"": 2, ""2023"": 4, ""2024"": 4, ""2025"": 5, ""2026"": 2}",False,,,,68.2,48,3.0,2,0.6,extinct,32
Woman Yelling At Cat,woman yelling at cat meme,woman-yelling-at-a-cat,woman yelling cat,2026-03-14 10:51 UTC,2019-07-01,2019-11-01,2020-02-01,,7,100,25.0,33.33,False,dead,https://knowyourmeme.com/memes/woman-yelling-at-a-cat,2019,Twitter,,,"cat , food , dinner , chair , the real housewives of beverly hills , taylor armstrong , kyle richards , malibu beach party from hell , salad cat , table cat , lady screaming at cat , smudge , taylor armstrong meme , cat meme , woman yelling at cat meme",active,reddit; twitter; facebook; instagram; tumblr; 4chan; discord,7,,0,n/a,n/a,25,80868.1,128966,2021702,3070.3,36700,0,2017-11-07,2026-02-10,ContagiousLaughter; Eyebleach; Fauxmoi; KidsAreFuckingStupid; MadeMeSmile; OneOrangeBraincell; ProgressiveHQ; aww; cats; gifs; interestingasfuck; meirl; mildlyinteresting; news; nosleep; pics; self; tifu; wholesomememes; wisconsin,20,68,20190627,20260303,2020,8,"{""2019"": 7, ""2020"": 12, ""2021"": 10, ""2022"": 9, ""2023"": 8, ""2024"": 9, ""2025"": 10, ""2026"": 3}",True,Woman yelling at a cat,https://en.wikipedia.org/wiki/Woman_yelling_at_a_cat,Category:All articles with specifically marked weasel-worded phrases; Category:Articles with short description; Category:Articles with specifically marked weasel-worded phrases from May 2025; Category:Film and television memes; Category:Internet memes about cats; Category:Internet memes introduced in 2019; Category:Short description matches Wikidata; Category:Shorty Award winners,68.5,84,0.75,1,51.4,extinct,56
Two Buttons,two buttons meme,two-buttons,two buttons sweating,2026-03-14 10:52 UTC,2016-01-01,2024-11-01,,,107,100,0.94,100.0,False,long_lived,https://knowyourmeme.com/memes/two-buttons,,,,,,fetch_failed,,,,,,,25,70385.9,166440,1759647,2428.7,5933,0,2015-11-17,2026-02-06,AskDocs; Fauxmoi; GYM; Jokes; LifeProTips; MaliciousCompliance; Showerthoughts; antiwork; cats; clevercomebacks; gaming; marvelstudios; meirl; mildlyinfuriating; movies; nosleep; relationship_advice; tifu; todayilearned,19,0,,,,,,False,,,,73.3,0,0.009,,21.4,survivor,0
